{
  "T_world_camera": [
    [
      0.46619898080825806,
      0.5564287900924683,
      -0.6877830028533936,
      1.906577467918396
    ],
    [
      0.15565937757492065,
      -0.8169006705284119,
      -0.5553769469261169,
      -7.862940311431885
    ],
    [
      -0.8708780407905579,
      0.15185628831386566,
      -0.4674516022205353,
      -0.019498590379953384
    ],
    [
      0.0,
      0.0,
      0.0,
      1.0
    ]
  ],
  "time_ns": 1420500425362
}