{
  "T_world_camera": [
    [
      0.3711300492286682,
      0.9037075638771057,
      -0.21348315477371216,
      1.8381671905517578
    ],
    [
      0.3231126070022583,
      -0.34121617674827576,
      -0.8827059268951416,
      -8.040980339050293
    ],
    [
      -0.8705519437789917,
      0.25861960649490356,
      -0.41863489151000977,
      0.0006949802627786994
    ],
    [
      0.0,
      0.0,
      0.0,
      1.0
    ]
  ],
  "time_ns": 1420900428487
}