{
  "T_world_camera": [
    [
      0.26934948563575745,
      0.9604360461235046,
      -0.07080552726984024,
      1.853193759918213
    ],
    [
      0.3489247262477875,
      -0.16585250198841095,
      -0.9223581552505493,
      -8.131512641906738
    ],
    [
      -0.8976092338562012,
      0.2237308770418167,
      -0.379792183637619,
      0.005855369381606579
    ],
    [
      0.0,
      0.0,
      0.0,
      1.0
    ]
  ],
  "time_ns": 1421200426112
}