{
  "T_world_camera": [
    [
      0.22885848581790924,
      0.9681755900382996,
      -0.10129044204950333,
      1.8962674140930176
    ],
    [
      0.37058043479919434,
      -0.18286728858947754,
      -0.9106205105781555,
      -8.19099235534668
    ],
    [
      -0.9001633524894714,
      0.1708669811487198,
      -0.4006377160549164,
      -0.004677106626331806
    ],
    [
      0.0,
      0.0,
      0.0,
      1.0
    ]
  ],
  "time_ns": 1421400429150
}