{
  "T_world_camera": [
    [
      0.452642023563385,
      0.6951531767845154,
      -0.5584596395492554,
      1.884201169013977
    ],
    [
      0.2080768495798111,
      -0.6913451552391052,
      -0.6919147372245789,
      -7.913658618927002
    ],
    [
      -0.8670750856399536,
      0.19698716700077057,
      -0.4575771689414978,
      -0.007942315191030502
    ],
    [
      0.0,
      0.0,
      0.0,
      1.0
    ]
  ],
  "time_ns": 1420600425937
}