{
  "T_world_camera": [
    [
      0.3965548872947693,
      0.8666640520095825,
      -0.3027171194553375,
      1.8471280336380005
    ],
    [
      0.2914031744003296,
      -0.43153634667396545,
      -0.8537333011627197,
      -8.004022598266602
    ],
    [
      -0.8705334663391113,
      0.2503393888473511,
      -0.4236765205860138,
      -0.002296827267855406
    ],
    [
      0.0,
      0.0,
      0.0,
      1.0
    ]
  ],
  "time_ns": 1420800427150
}