{
  "T_world_camera": [
    [
      0.32740020751953125,
      0.9337726831436157,
      -0.1444910168647766,
      1.8369039297103882
    ],
    [
      0.3375990688800812,
      -0.25842663645744324,
      -0.9051201343536377,
      -8.072854995727539
    ],
    [
      -0.8825168013572693,
      0.24755646288394928,
      -0.3998497426509857,
      0.0036635182332247496
    ],
    [
      0.0,
      0.0,
      0.0,
      1.0
    ]
  ],
  "time_ns": 1421000426275
}