{
  "T_world_camera": [
    [
      0.2993459105491638,
      0.9500085115432739,
      -0.08874577283859253,
      1.842181921005249
    ],
    [
      0.34079787135124207,
      -0.1933312863111496,
      -0.920043408870697,
      -8.101593971252441
    ],
    [
      -0.8912064433097839,
      0.2451668679714203,
      -0.38163378834724426,
      0.0061565181240439415
    ],
    [
      0.0,
      0.0,
      0.0,
      1.0
    ]
  ],
  "time_ns": 1421100425487
}