{
  "T_world_camera": [
    [
      0.42209959030151367,
      0.8046869039535522,
      -0.4175054728984833,
      1.8648725748062134
    ],
    [
      0.25653964281082153,
      -0.5477447509765625,
      -0.7963435053825378,
      -7.960937023162842
    ],
    [
      -0.8694936633110046,
      0.229029580950737,
      -0.43763697147369385,
      -0.0020468495786190033
    ],
    [
      0.0,
      0.0,
      0.0,
      1.0
    ]
  ],
  "time_ns": 1420700426562
}