{
  "T_world_camera": [
    [
      0.24578356742858887,
      0.9656995534896851,
      -0.08375420421361923,
      1.8702977895736694
    ],
    [
      0.3583686053752899,
      -0.17081137001514435,
      -0.9178210496902466,
      -8.16169548034668
    ],
    [
      -0.9006455540657043,
      0.1955704391002655,
      -0.3880590498447418,
      0.001893064472824335
    ],
    [
      0.0,
      0.0,
      0.0,
      1.0
    ]
  ],
  "time_ns": 1421300426700
}